"./TestAvro/lang/java/ipc-netty/src/test/java/org/apache/avro/ipc/netty/TestNettyServerWithCallbacks.java","no"
"./TestAvro/lang/java/ipc-netty/src/test/java/org/apache/avro/ipc/netty/TestNettyTransceiverWhenFailsToConnect.java","no"
"./TestAvro/lang/java/ipc-netty/src/test/java/org/apache/avro/ipc/netty/TestNettyTransceiverWhenServerStops.java","no"
"./TestAvro/lang/java/ipc-netty/src/test/java/org/apache/avro/ipc/netty/TestNettyServerWithCompression.java","no"
"./TestAvro/lang/java/ipc-netty/src/test/java/org/apache/avro/ipc/netty/TestProtocolNetty.java","no"
"./TestAvro/lang/java/ipc-netty/src/test/java/org/apache/avro/ipc/netty/TestNettyServerConcurrentExecution.java","no"
"./TestAvro/lang/java/ipc-netty/src/test/java/org/apache/avro/ipc/netty/TestNettyServerWithSSL.java","no"
"./TestAvro/lang/java/ipc-netty/src/test/java/org/apache/avro/ipc/netty/TestNettyServer.java","no"
"./TestAvro/lang/java/ipc-netty/src/main/java/org/apache/avro/ipc/netty/NettyTransportCodec.java","no"
"./TestAvro/lang/java/ipc-netty/src/main/java/org/apache/avro/ipc/netty/NettyTransceiver.java","no"
"./TestAvro/lang/java/ipc-netty/src/main/java/org/apache/avro/ipc/netty/NettyServer.java","no"
"./TestAvro/lang/java/tools/src/test/java/org/apache/avro/tool/TestRpcReceiveAndSendTools.java","no"
"./TestAvro/lang/java/tools/src/test/java/org/apache/avro/tool/TestRecordCountTool.java","no"
"./TestAvro/lang/java/tools/src/test/java/org/apache/avro/tool/TestIdlTool.java","no"
"./TestAvro/lang/java/tools/src/test/java/org/apache/avro/tool/TestIdlToSchemataTool.java","no"
"./TestAvro/lang/java/tools/src/test/java/org/apache/avro/tool/TestMain.java","no"
"./TestAvro/lang/java/tools/src/test/java/org/apache/avro/tool/TestJsonToFromBinaryFragmentTools.java","no"
"./TestAvro/lang/java/tools/src/test/java/org/apache/avro/tool/TestRpcProtocolTool.java","no"
"./TestAvro/lang/java/tools/src/test/java/org/apache/avro/tool/TestConcatTool.java","no"
"./TestAvro/lang/java/tools/src/test/java/org/apache/avro/tool/TestDataFileTools.java","no"
"./TestAvro/lang/java/tools/src/test/java/org/apache/avro/tool/TestToTrevniTool.java","no"
"./TestAvro/lang/java/tools/src/test/java/org/apache/avro/tool/TestCatTool.java","no"
"./TestAvro/lang/java/tools/src/test/java/org/apache/avro/tool/TestTextFileTools.java","no"
"./TestAvro/lang/java/tools/src/test/java/org/apache/avro/tool/TestRecodecTool.java","no"
"./TestAvro/lang/java/tools/src/test/java/org/apache/avro/tool/TestSpecificCompilerTool.java","no"
"./TestAvro/lang/java/tools/src/test/java/org/apache/avro/tool/TestUtil.java","no"
"./TestAvro/lang/java/tools/src/test/java/org/apache/avro/tool/TestTetherTool.java","no"
"./TestAvro/lang/java/tools/src/test/java/org/apache/avro/tool/TestDataFileRepairTool.java","no"
"./TestAvro/lang/java/tools/src/test/java/org/apache/avro/tool/TestCreateRandomFileTool.java","no"
"./TestAvro/lang/java/tools/src/test/compiler/output-string/Position.java","no"
"./TestAvro/lang/java/tools/src/test/compiler/output-string/avro/examples/baseball/Position.java","no"
"./TestAvro/lang/java/tools/src/test/compiler/output-string/avro/examples/baseball/Player.java","no"
"./TestAvro/lang/java/tools/src/test/compiler/output-string/avro/examples/baseball/Proto.java","no"
"./TestAvro/lang/java/tools/src/test/compiler/output-string/avro/examples/baseball/FieldTest.java","no"
"./TestAvro/lang/java/tools/src/test/compiler/output/Position.java","no"
"./TestAvro/lang/java/tools/src/test/compiler/output/OptionalGettersAllFieldsTest.java","no"
"./TestAvro/lang/java/tools/src/test/compiler/output/Player.java","no"
"./TestAvro/lang/java/tools/src/test/compiler/output/AddExtraOptionalGettersTest.java","no"
"./TestAvro/lang/java/tools/src/test/compiler/output/OptionalGettersNullableFieldsTest.java","no"
"./TestAvro/lang/java/tools/src/test/compiler/output/NoSettersTest.java","no"
"./TestAvro/lang/java/tools/src/main/java/org/apache/avro/tool/SchemaFingerprintTool.java","no"
"./TestAvro/lang/java/tools/src/main/java/org/apache/avro/tool/ConcatTool.java","no"
"./TestAvro/lang/java/tools/src/main/java/org/apache/avro/tool/JsonToBinaryFragmentTool.java","no"
"./TestAvro/lang/java/tools/src/main/java/org/apache/avro/tool/Util.java","no"
"./TestAvro/lang/java/tools/src/main/java/org/apache/avro/tool/IdlTool.java","no"
"./TestAvro/lang/java/tools/src/main/java/org/apache/avro/tool/FromTextTool.java","no"
"./TestAvro/lang/java/tools/src/main/java/org/apache/avro/tool/TrevniToJsonTool.java","no"
"./TestAvro/lang/java/tools/src/main/java/org/apache/avro/tool/TrevniCreateRandomTool.java","no"
"./TestAvro/lang/java/tools/src/main/java/org/apache/avro/tool/DataFileGetMetaTool.java","no"
"./TestAvro/lang/java/tools/src/main/java/org/apache/avro/tool/RpcSendTool.java","no"
"./TestAvro/lang/java/tools/src/main/java/org/apache/avro/tool/TrevniMetadataTool.java","no"
"./TestAvro/lang/java/tools/src/main/java/org/apache/avro/tool/ToTextTool.java","no"
"./TestAvro/lang/java/tools/src/main/java/org/apache/avro/tool/ToTrevniTool.java","no"
"./TestAvro/lang/java/tools/src/main/java/org/apache/avro/tool/IdlToSchemataTool.java","no"
"./TestAvro/lang/java/tools/src/main/java/org/apache/avro/tool/TetherTool.java","no"
"./TestAvro/lang/java/tools/src/main/java/org/apache/avro/tool/TrevniUtil.java","no"
"./TestAvro/lang/java/tools/src/main/java/org/apache/avro/tool/DataFileGetSchemaTool.java","no"
"./TestAvro/lang/java/tools/src/main/java/org/apache/avro/tool/Tool.java","no"
"./TestAvro/lang/java/tools/src/main/java/org/apache/avro/tool/DataFileReadTool.java","no"
"./TestAvro/lang/java/tools/src/main/java/org/apache/avro/tool/Main.java","no"
"./TestAvro/lang/java/tools/src/main/java/org/apache/avro/tool/CreateRandomFileTool.java","no"
"./TestAvro/lang/java/tools/src/main/java/org/apache/avro/tool/RecordCountTool.java","no"
"./TestAvro/lang/java/tools/src/main/java/org/apache/avro/tool/DataFileRepairTool.java","no"
"./TestAvro/lang/java/tools/src/main/java/org/apache/avro/tool/BinaryFragmentToJsonTool.java","no"
"./TestAvro/lang/java/tools/src/main/java/org/apache/avro/tool/RpcProtocolTool.java","no"
"./TestAvro/lang/java/tools/src/main/java/org/apache/avro/tool/DataFileWriteTool.java","no"
"./TestAvro/lang/java/tools/src/main/java/org/apache/avro/tool/SpecificCompilerTool.java","no"
"./TestAvro/lang/java/tools/src/main/java/org/apache/avro/tool/CatTool.java","no"
"./TestAvro/lang/java/tools/src/main/java/org/apache/avro/tool/SchemaNormalizationTool.java","no"
"./TestAvro/lang/java/tools/src/main/java/org/apache/avro/tool/RecodecTool.java","no"
"./TestAvro/lang/java/tools/src/main/java/org/apache/avro/tool/InduceSchemaTool.java","no"
"./TestAvro/lang/java/tools/src/main/java/org/apache/avro/tool/RpcReceiveTool.java","no"
"./TestAvro/lang/java/ipc-jetty/src/test/java/org/apache/avro/ipc/jetty/TestStatsPluginAndServlet.java","no"
"./TestAvro/lang/java/ipc-jetty/src/test/java/org/apache/avro/ipc/jetty/TestProtocolHttps.java","no"
"./TestAvro/lang/java/ipc-jetty/src/test/java/org/apache/avro/ipc/jetty/TestProtocolHttp.java","no"
"./TestAvro/lang/java/ipc-jetty/src/test/java/org/apache/avro/ipc/jetty/TestBulkData.java","no"
"./TestAvro/lang/java/ipc-jetty/src/test/java/org/apache/avro/ipc/jetty/StatsPluginOverhead.java","no"
"./TestAvro/lang/java/ipc-jetty/src/main/java/org/apache/avro/ipc/jetty/StatsServer.java","no"
"./TestAvro/lang/java/ipc-jetty/src/main/java/org/apache/avro/ipc/jetty/StaticServlet.java","no"
"./TestAvro/lang/java/ipc-jetty/src/main/java/org/apache/avro/ipc/jetty/HttpServer.java","no"
"./TestAvro/lang/java/grpc/src/test/java/org/apache/avro/grpc/TestAvroProtocolGrpc.java","no"
"./TestAvro/lang/java/grpc/src/test/java/org/apache/avro/grpc/TestAvroMarshaller.java","no"
"./TestAvro/lang/java/grpc/src/main/java/org/apache/avro/grpc/AvroRequestMarshaller.java","no"
"./TestAvro/lang/java/grpc/src/main/java/org/apache/avro/grpc/AvroGrpcClient.java","no"
"./TestAvro/lang/java/grpc/src/main/java/org/apache/avro/grpc/AvroInputStream.java","no"
"./TestAvro/lang/java/grpc/src/main/java/org/apache/avro/grpc/ServiceDescriptor.java","no"
"./TestAvro/lang/java/grpc/src/main/java/org/apache/avro/grpc/AvroGrpcUtils.java","no"
"./TestAvro/lang/java/grpc/src/main/java/org/apache/avro/grpc/AvroGrpcServer.java","no"
"./TestAvro/lang/java/grpc/src/main/java/org/apache/avro/grpc/AvroResponseMarshaller.java","no"
"./TestAvro/lang/java/archetypes/avro-service-archetype/src/main/resources/archetype-resources/src/test/java/integration/SimpleOrderServiceIntegrationTest.java","no"
"./TestAvro/lang/java/archetypes/avro-service-archetype/src/main/resources/archetype-resources/src/main/java/transport/SimpleOrderServiceEndpoint.java","no"
"./TestAvro/lang/java/archetypes/avro-service-archetype/src/main/resources/archetype-resources/src/main/java/transport/SimpleOrderServiceClient.java","no"
"./TestAvro/lang/java/archetypes/avro-service-archetype/src/main/resources/archetype-resources/src/main/java/service/SimpleOrderService.java","no"
"./TestAvro/lang/java/maven-plugin/src/test/java/org/apache/avro/mojo/TestInduceMojo.java","no"
"./TestAvro/lang/java/maven-plugin/src/test/java/org/apache/avro/mojo/TestIDLProtocolMojo.java","no"
"./TestAvro/lang/java/maven-plugin/src/test/java/org/apache/avro/mojo/TestSchemaMojo.java","no"
"./TestAvro/lang/java/maven-plugin/src/test/java/org/apache/avro/mojo/TestLog.java","no"
"./TestAvro/lang/java/maven-plugin/src/test/java/org/apache/avro/mojo/AbstractAvroMojoTest.java","no"
"./TestAvro/lang/java/maven-plugin/src/test/java/org/apache/avro/mojo/TestProtocolMojo.java","no"
"./TestAvro/lang/java/maven-plugin/src/test/java/org/apache/avro/protocols/Remote.java","no"
"./TestAvro/lang/java/maven-plugin/src/test/java/org/apache/avro/entities/Person.java","no"
"./TestAvro/lang/java/maven-plugin/src/main/java/org/apache/avro/mojo/InduceMojo.java","no"
"./TestAvro/lang/java/maven-plugin/src/main/java/org/apache/avro/mojo/ProtocolMojo.java","no"
"./TestAvro/lang/java/maven-plugin/src/main/java/org/apache/avro/mojo/SchemaMojo.java","no"
"./TestAvro/lang/java/maven-plugin/src/main/java/org/apache/avro/mojo/AbstractAvroMojo.java","no"
"./TestAvro/lang/java/maven-plugin/src/main/java/org/apache/avro/mojo/IDLProtocolMojo.java","no"
"./TestAvro/lang/java/mapred/src/test/java/org/apache/avro/mapred/TestGenericJob.java","no"
"./TestAvro/lang/java/mapred/src/test/java/org/apache/avro/mapred/TestAvroTextSort.java","no"
"./TestAvro/lang/java/mapred/src/test/java/org/apache/avro/mapred/TestWeather.java","no"
"./TestAvro/lang/java/mapred/src/test/java/org/apache/avro/mapred/WordCountUtil.java","no"
"./TestAvro/lang/java/mapred/src/test/java/org/apache/avro/mapred/TestSequenceFileReader.java","no"
"./TestAvro/lang/java/mapred/src/test/java/org/apache/avro/mapred/TestAvroInputFormat.java","no"
"./TestAvro/lang/java/mapred/src/test/java/org/apache/avro/mapred/TestAvroOutputFormat.java","no"
"./TestAvro/lang/java/mapred/src/test/java/org/apache/avro/mapred/TestWordCount.java","no"
"./TestAvro/lang/java/mapred/src/test/java/org/apache/avro/mapred/TestAvroTextOutputFormat.java","no"
"./TestAvro/lang/java/mapred/src/test/java/org/apache/avro/mapred/tether/TetherTaskRunner.java","no"
"./TestAvro/lang/java/mapred/src/test/java/org/apache/avro/mapred/tether/WordCountTask.java","no"
"./TestAvro/lang/java/mapred/src/test/java/org/apache/avro/mapred/tether/TestWordCountTether.java","no"
"./TestAvro/lang/java/mapred/src/test/java/org/apache/avro/mapred/tether/TetherTask.java","no"
"./TestAvro/lang/java/mapred/src/test/java/org/apache/avro/mapred/TestAvroWrapper.java","no"
"./TestAvro/lang/java/mapred/src/test/java/org/apache/avro/mapred/TestAvroMultipleOutputs.java","no"
"./TestAvro/lang/java/mapred/src/test/java/org/apache/avro/mapred/TestAvroMultipleInputs.java","no"
"./TestAvro/lang/java/mapred/src/test/java/org/apache/avro/mapred/TestReflectJob.java","no"
"./TestAvro/lang/java/mapred/src/test/java/org/apache/avro/mapred/TestPair.java","no"
"./TestAvro/lang/java/mapred/src/test/java/org/apache/avro/hadoop/util/TestAvroCharSequenceComparator.java","no"
"./TestAvro/lang/java/mapred/src/test/java/org/apache/avro/hadoop/file/TestHadoopCodecFactory.java","no"
"./TestAvro/lang/java/mapred/src/test/java/org/apache/avro/hadoop/file/TestSortedKeyValueFile.java","no"
"./TestAvro/lang/java/mapred/src/test/java/org/apache/avro/hadoop/io/TestAvroSerialization.java","no"
"./TestAvro/lang/java/mapred/src/test/java/org/apache/avro/hadoop/io/TestAvroSequenceFile.java","no"
"./TestAvro/lang/java/mapred/src/test/java/org/apache/avro/hadoop/io/TestAvroDatumConverterFactory.java","no"
"./TestAvro/lang/java/mapred/src/test/java/org/apache/avro/hadoop/io/TestAvroKeyDeserializer.java","no"
"./TestAvro/lang/java/mapred/src/test/java/org/apache/avro/hadoop/io/TestAvroValueDeserializer.java","no"
"./TestAvro/lang/java/mapred/src/test/java/org/apache/avro/hadoop/io/TestAvroSerializer.java","no"
"./TestAvro/lang/java/mapred/src/test/java/org/apache/avro/mapreduce/TestAvroKeyInputFormat.java","no"
"./TestAvro/lang/java/mapred/src/test/java/org/apache/avro/mapreduce/TestAvroKeyRecordReader.java","no"
"./TestAvro/lang/java/mapred/src/test/java/org/apache/avro/mapreduce/TestKeyValueWordCount.java","no"
"./TestAvro/lang/java/mapred/src/test/java/org/apache/avro/mapreduce/AvroFiles.java","no"
"./TestAvro/lang/java/mapred/src/test/java/org/apache/avro/mapreduce/TestKeyValueInput.java","no"
"./TestAvro/lang/java/mapred/src/test/java/org/apache/avro/mapreduce/TestAvroKeyRecordWriter.java","no"
"./TestAvro/lang/java/mapred/src/test/java/org/apache/avro/mapreduce/TestAvroKeyOutputFormat.java","no"
"./TestAvro/lang/java/mapred/src/test/java/org/apache/avro/mapreduce/TestCombineAvroKeyValueFileInputFormat.java","no"
"./TestAvro/lang/java/mapred/src/test/java/org/apache/avro/mapreduce/TestFsInput.java","no"
"./TestAvro/lang/java/mapred/src/test/java/org/apache/avro/mapreduce/TestWordCount.java","no"
"./TestAvro/lang/java/mapred/src/test/java/org/apache/avro/mapreduce/TestAvroMultipleOutputsSyncable.java","no"
"./TestAvro/lang/java/mapred/src/test/java/org/apache/avro/mapreduce/TestAvroMultipleOutputs.java","no"
"./TestAvro/lang/java/mapred/src/test/java/org/apache/avro/mapreduce/TestAvroKeyValueRecordWriter.java","no"
"./TestAvro/lang/java/mapred/src/test/java/org/apache/avro/mapreduce/TestAvroKeyValueRecordReader.java","no"
"./TestAvro/lang/java/mapred/src/main/java/org/apache/avro/mapred/AvroKeyComparator.java","no"
"./TestAvro/lang/java/mapred/src/main/java/org/apache/avro/mapred/SequenceFileRecordReader.java","no"
"./TestAvro/lang/java/mapred/src/main/java/org/apache/avro/mapred/DelegatingMapper.java","no"
"./TestAvro/lang/java/mapred/src/main/java/org/apache/avro/mapred/Pair.java","no"
"./TestAvro/lang/java/mapred/src/main/java/org/apache/avro/mapred/AvroTextOutputFormat.java","no"
"./TestAvro/lang/java/mapred/src/main/java/org/apache/avro/mapred/FsInput.java","no"
"./TestAvro/lang/java/mapred/src/main/java/org/apache/avro/mapred/HadoopCombiner.java","no"
"./TestAvro/lang/java/mapred/src/main/java/org/apache/avro/mapred/AvroUtf8InputFormat.java","no"
"./TestAvro/lang/java/mapred/src/main/java/org/apache/avro/mapred/DelegatingInputFormat.java","no"
"./TestAvro/lang/java/mapred/src/main/java/org/apache/avro/mapred/HadoopMapper.java","no"
"./TestAvro/lang/java/mapred/src/main/java/org/apache/avro/mapred/AvroSerialization.java","no"
"./TestAvro/lang/java/mapred/src/main/java/org/apache/avro/mapred/AvroMultipleOutputs.java","no"
"./TestAvro/lang/java/mapred/src/main/java/org/apache/avro/mapred/SequenceFileReader.java","no"
"./TestAvro/lang/java/mapred/src/main/java/org/apache/avro/mapred/AvroKey.java","no"
"./TestAvro/lang/java/mapred/src/main/java/org/apache/avro/mapred/TaggedInputSplit.java","no"
"./TestAvro/lang/java/mapred/src/main/java/org/apache/avro/mapred/tether/TetherInputFormat.java","no"
"./TestAvro/lang/java/mapred/src/main/java/org/apache/avro/mapred/tether/TetherKeySerialization.java","no"
"./TestAvro/lang/java/mapred/src/main/java/org/apache/avro/mapred/tether/TetheredProcess.java","no"
"./TestAvro/lang/java/mapred/src/main/java/org/apache/avro/mapred/tether/TetherPartitioner.java","no"
"./TestAvro/lang/java/mapred/src/main/java/org/apache/avro/mapred/tether/TetherData.java","no"
"./TestAvro/lang/java/mapred/src/main/java/org/apache/avro/mapred/tether/TetherOutputFormat.java","no"
"./TestAvro/lang/java/mapred/src/main/java/org/apache/avro/mapred/tether/TetherRecordReader.java","no"
"./TestAvro/lang/java/mapred/src/main/java/org/apache/avro/mapred/tether/TetherKeyComparator.java","no"
"./TestAvro/lang/java/mapred/src/main/java/org/apache/avro/mapred/tether/TetherReducer.java","no"
"./TestAvro/lang/java/mapred/src/main/java/org/apache/avro/mapred/tether/TetherMapRunner.java","no"
"./TestAvro/lang/java/mapred/src/main/java/org/apache/avro/mapred/tether/TetherOutputService.java","no"
"./TestAvro/lang/java/mapred/src/main/java/org/apache/avro/mapred/tether/TetherJob.java","no"
"./TestAvro/lang/java/mapred/src/main/java/org/apache/avro/mapred/AvroValue.java","no"
"./TestAvro/lang/java/mapred/src/main/java/org/apache/avro/mapred/SequenceFileInputFormat.java","no"
"./TestAvro/lang/java/mapred/src/main/java/org/apache/avro/mapred/AvroMultipleInputs.java","no"
"./TestAvro/lang/java/mapred/src/main/java/org/apache/avro/mapred/AvroOutputFormat.java","no"
"./TestAvro/lang/java/mapred/src/main/java/org/apache/avro/mapred/AvroRecordReader.java","no"
"./TestAvro/lang/java/mapred/src/main/java/org/apache/avro/mapred/AvroAsTextInputFormat.java","no"
"./TestAvro/lang/java/mapred/src/main/java/org/apache/avro/mapred/AvroCollector.java","no"
"./TestAvro/lang/java/mapred/src/main/java/org/apache/avro/mapred/HadoopReducer.java","no"
"./TestAvro/lang/java/mapred/src/main/java/org/apache/avro/mapred/AvroInputFormat.java","no"
"./TestAvro/lang/java/mapred/src/main/java/org/apache/avro/mapred/AvroReducer.java","no"
"./TestAvro/lang/java/mapred/src/main/java/org/apache/avro/mapred/AvroJob.java","no"
"./TestAvro/lang/java/mapred/src/main/java/org/apache/avro/mapred/HadoopReducerBase.java","no"
"./TestAvro/lang/java/mapred/src/main/java/org/apache/avro/mapred/AvroAsTextRecordReader.java","no"
"./TestAvro/lang/java/mapred/src/main/java/org/apache/avro/mapred/AvroWrapper.java","no"
"./TestAvro/lang/java/mapred/src/main/java/org/apache/avro/mapred/MapCollector.java","no"
"./TestAvro/lang/java/mapred/src/main/java/org/apache/avro/mapred/AvroMapper.java","no"
"./TestAvro/lang/java/mapred/src/main/java/org/apache/avro/hadoop/util/AvroCharSequenceComparator.java","no"
"./TestAvro/lang/java/mapred/src/main/java/org/apache/avro/hadoop/file/SortedKeyValueFile.java","no"
"./TestAvro/lang/java/mapred/src/main/java/org/apache/avro/hadoop/file/HadoopCodecFactory.java","no"
"./TestAvro/lang/java/mapred/src/main/java/org/apache/avro/hadoop/io/AvroKeyComparator.java","no"
"./TestAvro/lang/java/mapred/src/main/java/org/apache/avro/hadoop/io/AvroDatumConverter.java","no"
"./TestAvro/lang/java/mapred/src/main/java/org/apache/avro/hadoop/io/AvroKeyDeserializer.java","no"
"./TestAvro/lang/java/mapred/src/main/java/org/apache/avro/hadoop/io/AvroSequenceFile.java","no"
"./TestAvro/lang/java/mapred/src/main/java/org/apache/avro/hadoop/io/AvroSerializer.java","no"
"./TestAvro/lang/java/mapred/src/main/java/org/apache/avro/hadoop/io/AvroDeserializer.java","no"
"./TestAvro/lang/java/mapred/src/main/java/org/apache/avro/hadoop/io/AvroSerialization.java","no"
"./TestAvro/lang/java/mapred/src/main/java/org/apache/avro/hadoop/io/AvroValueDeserializer.java","no"
"./TestAvro/lang/java/mapred/src/main/java/org/apache/avro/hadoop/io/AvroDatumConverterFactory.java","no"
"./TestAvro/lang/java/mapred/src/main/java/org/apache/avro/hadoop/io/AvroKeyValue.java","no"
"./TestAvro/lang/java/mapred/src/main/java/org/apache/avro/mapreduce/AvroKeyValueRecordWriter.java","no"
"./TestAvro/lang/java/mapred/src/main/java/org/apache/avro/mapreduce/AvroKeyValueOutputFormat.java","no"
"./TestAvro/lang/java/mapred/src/main/java/org/apache/avro/mapreduce/AvroSequenceFileInputFormat.java","no"
"./TestAvro/lang/java/mapred/src/main/java/org/apache/avro/mapreduce/AvroKeyValueRecordReader.java","no"
"./TestAvro/lang/java/mapred/src/main/java/org/apache/avro/mapreduce/AvroKeyValueInputFormat.java","no"
"./TestAvro/lang/java/mapred/src/main/java/org/apache/avro/mapreduce/AvroKeyInputFormat.java","no"
"./TestAvro/lang/java/mapred/src/main/java/org/apache/avro/mapreduce/AvroMultipleOutputs.java","no"
"./TestAvro/lang/java/mapred/src/main/java/org/apache/avro/mapreduce/AvroSequenceFileOutputFormat.java","no"
"./TestAvro/lang/java/mapred/src/main/java/org/apache/avro/mapreduce/AvroRecordReaderBase.java","no"
"./TestAvro/lang/java/mapred/src/main/java/org/apache/avro/mapreduce/Syncable.java","no"
"./TestAvro/lang/java/mapred/src/main/java/org/apache/avro/mapreduce/AvroOutputFormatBase.java","no"
"./TestAvro/lang/java/mapred/src/main/java/org/apache/avro/mapreduce/AvroKeyRecordReader.java","no"
"./TestAvro/lang/java/mapred/src/main/java/org/apache/avro/mapreduce/CombineAvroKeyValueFileInputFormat.java","no"
"./TestAvro/lang/java/mapred/src/main/java/org/apache/avro/mapreduce/AvroKeyRecordWriter.java","no"
"./TestAvro/lang/java/mapred/src/main/java/org/apache/avro/mapreduce/AvroKeyOutputFormat.java","no"
"./TestAvro/lang/java/mapred/src/main/java/org/apache/avro/mapreduce/AvroJob.java","no"
"./TestAvro/lang/java/integration-test/codegen-test/src/test/java/org/apache/avro/codegentest/TestLogicalTypeForStringType.java","no"
"./TestAvro/lang/java/integration-test/codegen-test/src/test/java/org/apache/avro/codegentest/TestNullableLogicalTypes.java","no"
"./TestAvro/lang/java/integration-test/codegen-test/src/test/java/org/apache/avro/codegentest/AbstractSpecificRecordTest.java","no"
"./TestAvro/lang/java/integration-test/codegen-test/src/test/java/org/apache/avro/codegentest/TestNestedLogicalTypes.java","no"
"./TestAvro/lang/java/integration-test/codegen-test/src/test/java/org/apache/avro/codegentest/TestCustomConversion.java","no"
"./TestAvro/lang/java/integration-test/codegen-test/src/test/java/org/apache/avro/codegentest/TestLogicalTypesWithDefaults.java","no"
"./TestAvro/lang/java/integration-test/codegen-test/src/test/java/org/apache/avro/codegentest/TestNestedRecordsWithDifferentNamespaces.java","no"
"./TestAvro/lang/java/integration-test/test-custom-conversions/src/main/java/org/apache/avro/codegentest/CustomDecimalConversion.java","no"
"./TestAvro/lang/java/integration-test/test-custom-conversions/src/main/java/org/apache/avro/codegentest/FixedSizeString.java","no"
"./TestAvro/lang/java/integration-test/test-custom-conversions/src/main/java/org/apache/avro/codegentest/FixedSizeStringFactory.java","no"
"./TestAvro/lang/java/integration-test/test-custom-conversions/src/main/java/org/apache/avro/codegentest/FixedSizeStringLogicalType.java","no"
"./TestAvro/lang/java/integration-test/test-custom-conversions/src/main/java/org/apache/avro/codegentest/FixedSizeStringConversion.java","no"
"./TestAvro/lang/java/integration-test/test-custom-conversions/src/main/java/org/apache/avro/codegentest/CustomEnumType.java","no"
"./TestAvro/lang/java/integration-test/test-custom-conversions/src/main/java/org/apache/avro/codegentest/CustomEnumConversion.java","no"
"./TestAvro/lang/java/integration-test/test-custom-conversions/src/main/java/org/apache/avro/codegentest/CustomDecimal.java","no"
"./TestAvro/lang/java/integration-test/test-custom-conversions/src/main/java/org/apache/avro/codegentest/CustomEnumLogicalTypeFactory.java","no"
"./TestAvro/lang/java/thrift/src/test/java/org/apache/avro/thrift/TestThrift.java","no"
"./TestAvro/lang/java/thrift/src/test/java/org/apache/avro/thrift/test/E.java","no"
"./TestAvro/lang/java/thrift/src/test/java/org/apache/avro/thrift/test/FooOrBar.java","no"
"./TestAvro/lang/java/thrift/src/test/java/org/apache/avro/thrift/test/Foo.java","no"
"./TestAvro/lang/java/thrift/src/test/java/org/apache/avro/thrift/test/Test.java","no"
"./TestAvro/lang/java/thrift/src/test/java/org/apache/avro/thrift/test/Nested.java","no"
"./TestAvro/lang/java/thrift/src/test/java/org/apache/avro/thrift/test/Error.java","no"
"./TestAvro/lang/java/thrift/src/main/java/org/apache/avro/thrift/ThriftData.java","no"
"./TestAvro/lang/java/thrift/src/main/java/org/apache/avro/thrift/ThriftDatumReader.java","no"
"./TestAvro/lang/java/thrift/src/main/java/org/apache/avro/thrift/ThriftDatumWriter.java","no"
"./TestAvro/lang/java/avro/src/test/java/org/apache/avro/TestDecimalConversion.java","no"
"./TestAvro/lang/java/avro/src/test/java/org/apache/avro/TestSchemaNormalization.java","no"
"./TestAvro/lang/java/avro/src/test/java/org/apache/avro/TestSchemaCompatibilityReaderFieldMissingDefaultValue.java","no"
"./TestAvro/lang/java/avro/src/test/java/org/apache/avro/specific/TestSpecificToFromByteArray.java","no"
"./TestAvro/lang/java/avro/src/test/java/org/apache/avro/specific/TestRecordWithLogicalTypes.java","no"
"./TestAvro/lang/java/avro/src/test/java/org/apache/avro/specific/TestRecordWithoutLogicalTypes.java","no"
"./TestAvro/lang/java/avro/src/test/java/org/apache/avro/specific/TestSpecificData.java","no"
"./TestAvro/lang/java/avro/src/test/java/org/apache/avro/FooRecord.java","no"
"./TestAvro/lang/java/avro/src/test/java/org/apache/avro/TestDataFile.java","no"
"./TestAvro/lang/java/avro/src/test/java/org/apache/avro/TestSchemaCompatibilityTypeMismatch.java","no"
"./TestAvro/lang/java/avro/src/test/java/org/apache/avro/TestSchemaCompatibilityNameMismatch.java","no"
"./TestAvro/lang/java/avro/src/test/java/org/apache/avro/TestSchemaCompatibilityMultiple.java","no"
"./TestAvro/lang/java/avro/src/test/java/org/apache/avro/util/internal/TestJacksonUtils.java","no"
"./TestAvro/lang/java/avro/src/test/java/org/apache/avro/util/internal/TestClassValueCache.java","no"
"./TestAvro/lang/java/avro/src/test/java/org/apache/avro/util/CaseFinder.java","no"
"./TestAvro/lang/java/avro/src/test/java/org/apache/avro/util/TestUtf8.java","no"
"./TestAvro/lang/java/avro/src/test/java/org/apache/avro/util/TestCaseFinder.java","no"
"./TestAvro/lang/java/avro/src/test/java/org/apache/avro/TypeEnum.java","no"
"./TestAvro/lang/java/avro/src/test/java/org/apache/avro/TestSchemas.java","no"
"./TestAvro/lang/java/avro/src/test/java/org/apache/avro/file/TestZstandardCodec.java","no"
"./TestAvro/lang/java/avro/src/test/java/org/apache/avro/file/codec/CustomCodec.java","no"
"./TestAvro/lang/java/avro/src/test/java/org/apache/avro/file/TestAllCodecs.java","no"
"./TestAvro/lang/java/avro/src/test/java/org/apache/avro/file/TestSeekableByteArrayInput.java","no"
"./TestAvro/lang/java/avro/src/test/java/org/apache/avro/file/TestCustomCodec.java","no"
"./TestAvro/lang/java/avro/src/test/java/org/apache/avro/file/TestIOExceptionDuringWrite.java","no"
"./TestAvro/lang/java/avro/src/test/java/org/apache/avro/TestSchemaCompatibilityFixedSizeMismatch.java","no"
"./TestAvro/lang/java/avro/src/test/java/org/apache/avro/TestNestedRecords.java","no"
"./TestAvro/lang/java/avro/src/test/java/org/apache/avro/TestLogicalType.java","no"
"./TestAvro/lang/java/avro/src/test/java/org/apache/avro/TestDataFileConcat.java","no"
"./TestAvro/lang/java/avro/src/test/java/org/apache/avro/reflect/TestNonStringMapKeys.java","no"
"./TestAvro/lang/java/avro/src/test/java/org/apache/avro/reflect/TestReflectDatumReader.java","no"
"./TestAvro/lang/java/avro/src/test/java/org/apache/avro/reflect/TestReflect.java","no"
"./TestAvro/lang/java/avro/src/test/java/org/apache/avro/reflect/TestReflectionUtil.java","no"
"./TestAvro/lang/java/avro/src/test/java/org/apache/avro/reflect/TestReflectLogicalTypes.java","no"
"./TestAvro/lang/java/avro/src/test/java/org/apache/avro/reflect/TestReflectAllowNulls.java","no"
"./TestAvro/lang/java/avro/src/test/java/org/apache/avro/reflect/TestReflectData.java","no"
"./TestAvro/lang/java/avro/src/test/java/org/apache/avro/reflect/TestByteBuffer.java","no"
"./TestAvro/lang/java/avro/src/test/java/org/apache/avro/reflect/TestReflectDatumWithAnonymousInstances.java","no"
"./TestAvro/lang/java/avro/src/test/java/org/apache/avro/io/TestResolvingIO.java","no"
"./TestAvro/lang/java/avro/src/test/java/org/apache/avro/io/TestJsonDecoder.java","no"
"./TestAvro/lang/java/avro/src/test/java/org/apache/avro/io/TestBlockingIO2.java","no"
"./TestAvro/lang/java/avro/src/test/java/org/apache/avro/io/TestBlockingIO.java","no"
"./TestAvro/lang/java/avro/src/test/java/org/apache/avro/io/TestValidatingIO.java","no"
"./TestAvro/lang/java/avro/src/test/java/org/apache/avro/io/TestBinaryData.java","no"
"./TestAvro/lang/java/avro/src/test/java/org/apache/avro/io/TestBinaryEncoderFidelity.java","no"
"./TestAvro/lang/java/avro/src/test/java/org/apache/avro/io/TestEncoders.java","no"
"./TestAvro/lang/java/avro/src/test/java/org/apache/avro/io/TestResolvingIOResolving.java","no"
"./TestAvro/lang/java/avro/src/test/java/org/apache/avro/io/parsing/SymbolTest.java","no"
"./TestAvro/lang/java/avro/src/test/java/org/apache/avro/io/parsing/TestResolvingGrammarGenerator2.java","no"
"./TestAvro/lang/java/avro/src/test/java/org/apache/avro/io/parsing/TestResolvingGrammarGenerator.java","no"
"./TestAvro/lang/java/avro/src/test/java/org/apache/avro/io/LegacyBinaryEncoder.java","no"
"./TestAvro/lang/java/avro/src/test/java/org/apache/avro/io/TestBinaryDecoder.java","no"
"./TestAvro/lang/java/avro/src/test/java/org/apache/avro/TestDataFileReflect.java","no"
"./TestAvro/lang/java/avro/src/test/java/org/apache/avro/TestUnionSelfReference.java","no"
"./TestAvro/lang/java/avro/src/test/java/org/apache/avro/GenerateBlockingData.java","no"
"./TestAvro/lang/java/avro/src/test/java/org/apache/avro/TestCircularReferences.java","no"
"./TestAvro/lang/java/avro/src/test/java/org/apache/avro/ByteBufferRecord.java","no"
"./TestAvro/lang/java/avro/src/test/java/org/apache/avro/message/TestBinaryMessageEncoding.java","no"
"./TestAvro/lang/java/avro/src/test/java/org/apache/avro/TestDataFileDeflate.java","no"
"./TestAvro/lang/java/avro/src/test/java/org/apache/avro/TestSchema.java","no"
"./TestAvro/lang/java/avro/src/test/java/org/apache/avro/TestSchemaCompatibilityMissingUnionBranch.java","no"
"./TestAvro/lang/java/avro/src/test/java/org/apache/avro/TestSchemaCompatibilityMissingEnumSymbols.java","no"
"./TestAvro/lang/java/avro/src/test/java/org/apache/avro/TestDataFileMeta.java","no"
"./TestAvro/lang/java/avro/src/test/java/org/apache/avro/TestProtocol.java","no"
"./TestAvro/lang/java/avro/src/test/java/org/apache/avro/TestSchemaCompatibilityEnumDefaults.java","no"
"./TestAvro/lang/java/avro/src/test/java/org/apache/avro/generic/TestGenericConcreteEnum.java","no"
"./TestAvro/lang/java/avro/src/test/java/org/apache/avro/generic/TestGenericRecordBuilder.java","no"
"./TestAvro/lang/java/avro/src/test/java/org/apache/avro/generic/TestGenericLogicalTypes.java","no"
"./TestAvro/lang/java/avro/src/test/java/org/apache/avro/generic/TestSkipEnumSchema.java","no"
"./TestAvro/lang/java/avro/src/test/java/org/apache/avro/generic/TestGenericDatumWriter.java","no"
"./TestAvro/lang/java/avro/src/test/java/org/apache/avro/generic/TestGenericData.java","no"
"./TestAvro/lang/java/avro/src/test/java/org/apache/avro/TestDataFileCustomSync.java","no"
"./TestAvro/lang/java/avro/src/test/java/org/apache/avro/TestDataFileCorruption.java","no"
"./TestAvro/lang/java/avro/src/test/java/org/apache/avro/TestReadingWritingDataInEvolvedSchemas.java","no"
"./TestAvro/lang/java/avro/src/test/java/org/apache/avro/TestSchemaBuilder.java","no"
"./TestAvro/lang/java/avro/src/test/java/org/apache/avro/FooBarSpecificRecord.java","no"
"./TestAvro/lang/java/avro/src/test/java/org/apache/avro/BarRecord.java","no"
"./TestAvro/lang/java/avro/src/test/java/org/apache/avro/TestSchemaWarnings.java","no"
"./TestAvro/lang/java/avro/src/test/java/org/apache/avro/TestFixed.java","no"
"./TestAvro/lang/java/avro/src/test/java/org/apache/avro/data/TestTimeConversions.java","no"
"./TestAvro/lang/java/avro/src/test/java/org/apache/avro/data/RecordBuilderBaseTest.java","no"
"./TestAvro/lang/java/avro/src/test/java/org/apache/avro/TestSchemaCompatibility.java","no"
"./TestAvro/lang/java/avro/src/test/java/org/apache/avro/DummyLogicalTypeFactory.java","no"
"./TestAvro/lang/java/avro/src/test/java/org/apache/avro/TestDataFileReader.java","no"
"./TestAvro/lang/java/avro/src/test/java/org/apache/avro/TestSchemaValidation.java","no"
"./TestAvro/lang/java/avro/src/test/java/NoPackage.java","no"
"./TestAvro/lang/java/avro/src/main/java/org/apache/avro/Conversion.java","no"
"./TestAvro/lang/java/avro/src/main/java/org/apache/avro/UnresolvedUnionException.java","no"
"./TestAvro/lang/java/avro/src/main/java/org/apache/avro/ValidateMutualRead.java","no"
"./TestAvro/lang/java/avro/src/main/java/org/apache/avro/specific/SpecificData.java","no"
"./TestAvro/lang/java/avro/src/main/java/org/apache/avro/specific/FixedSize.java","no"
"./TestAvro/lang/java/avro/src/main/java/org/apache/avro/specific/SpecificErrorBuilderBase.java","no"
"./TestAvro/lang/java/avro/src/main/java/org/apache/avro/specific/ExternalizableOutput.java","no"
"./TestAvro/lang/java/avro/src/main/java/org/apache/avro/specific/AvroGenerated.java","no"
"./TestAvro/lang/java/avro/src/main/java/org/apache/avro/specific/SpecificFixed.java","no"
"./TestAvro/lang/java/avro/src/main/java/org/apache/avro/specific/ExternalizableInput.java","no"
"./TestAvro/lang/java/avro/src/main/java/org/apache/avro/specific/SpecificRecord.java","no"
"./TestAvro/lang/java/avro/src/main/java/org/apache/avro/specific/SpecificRecordBuilderBase.java","no"
"./TestAvro/lang/java/avro/src/main/java/org/apache/avro/specific/SpecificRecordBase.java","no"
"./TestAvro/lang/java/avro/src/main/java/org/apache/avro/specific/SpecificDatumReader.java","no"
"./TestAvro/lang/java/avro/src/main/java/org/apache/avro/specific/SpecificDatumWriter.java","no"
"./TestAvro/lang/java/avro/src/main/java/org/apache/avro/specific/SpecificExceptionBase.java","no"
"./TestAvro/lang/java/avro/src/main/java/org/apache/avro/ValidateCanRead.java","no"
"./TestAvro/lang/java/avro/src/main/java/org/apache/avro/SchemaParseException.java","no"
"./TestAvro/lang/java/avro/src/main/java/org/apache/avro/AvroMissingFieldException.java","no"
"./TestAvro/lang/java/avro/src/main/java/org/apache/avro/SchemaCompatibility.java","no"
"./TestAvro/lang/java/avro/src/main/java/org/apache/avro/SchemaBuilder.java","no"
"./TestAvro/lang/java/avro/src/main/java/org/apache/avro/LogicalType.java","no"
"./TestAvro/lang/java/avro/src/main/java/org/apache/avro/util/ByteBufferOutputStream.java","no"
"./TestAvro/lang/java/avro/src/main/java/org/apache/avro/util/WeakIdentityHashMap.java","no"
"./TestAvro/lang/java/avro/src/main/java/org/apache/avro/util/ClassUtils.java","no"
"./TestAvro/lang/java/avro/src/main/java/org/apache/avro/util/internal/ClassValueCache.java","no"
"./TestAvro/lang/java/avro/src/main/java/org/apache/avro/util/internal/ThreadLocalWithInitial.java","no"
"./TestAvro/lang/java/avro/src/main/java/org/apache/avro/util/internal/Accessor.java","no"
"./TestAvro/lang/java/avro/src/main/java/org/apache/avro/util/internal/JacksonUtils.java","no"
"./TestAvro/lang/java/avro/src/main/java/org/apache/avro/util/ReusableByteBufferInputStream.java","no"
"./TestAvro/lang/java/avro/src/main/java/org/apache/avro/util/MapUtil.java","no"
"./TestAvro/lang/java/avro/src/main/java/org/apache/avro/util/Utf8.java","no"
"./TestAvro/lang/java/avro/src/main/java/org/apache/avro/util/ReusableByteArrayInputStream.java","no"
"./TestAvro/lang/java/avro/src/main/java/org/apache/avro/util/MapEntry.java","no"
"./TestAvro/lang/java/avro/src/main/java/org/apache/avro/util/RandomData.java","no"
"./TestAvro/lang/java/avro/src/main/java/org/apache/avro/util/NonCopyingByteArrayOutputStream.java","no"
"./TestAvro/lang/java/avro/src/main/java/org/apache/avro/util/ByteBufferInputStream.java","no"
"./TestAvro/lang/java/avro/src/main/java/org/apache/avro/util/SchemaUtil.java","no"
"./TestAvro/lang/java/avro/src/main/java/org/apache/avro/SchemaValidator.java","no"
"./TestAvro/lang/java/avro/src/main/java/org/apache/avro/UnknownAvroCodecException.java","no"
"./TestAvro/lang/java/avro/src/main/java/org/apache/avro/Resolver.java","no"
"./TestAvro/lang/java/avro/src/main/java/org/apache/avro/file/ZstandardLoader.java","no"
"./TestAvro/lang/java/avro/src/main/java/org/apache/avro/file/BZip2Codec.java","no"
"./TestAvro/lang/java/avro/src/main/java/org/apache/avro/file/SnappyCodec.java","no"
"./TestAvro/lang/java/avro/src/main/java/org/apache/avro/file/DataFileReader.java","no"
"./TestAvro/lang/java/avro/src/main/java/org/apache/avro/file/DataFileReader12.java","no"
"./TestAvro/lang/java/avro/src/main/java/org/apache/avro/file/DataFileWriter.java","no"
"./TestAvro/lang/java/avro/src/main/java/org/apache/avro/file/FileReader.java","no"
"./TestAvro/lang/java/avro/src/main/java/org/apache/avro/file/DataFileConstants.java","no"
"./TestAvro/lang/java/avro/src/main/java/org/apache/avro/file/SeekableFileInput.java","no"
"./TestAvro/lang/java/avro/src/main/java/org/apache/avro/file/DeflateCodec.java","no"
"./TestAvro/lang/java/avro/src/main/java/org/apache/avro/file/SyncableFileOutputStream.java","no"
"./TestAvro/lang/java/avro/src/main/java/org/apache/avro/file/ZstandardCodec.java","no"
"./TestAvro/lang/java/avro/src/main/java/org/apache/avro/file/DataFileStream.java","no"
"./TestAvro/lang/java/avro/src/main/java/org/apache/avro/file/NullCodec.java","no"
"./TestAvro/lang/java/avro/src/main/java/org/apache/avro/file/SeekableByteArrayInput.java","no"
"./TestAvro/lang/java/avro/src/main/java/org/apache/avro/file/Syncable.java","no"
"./TestAvro/lang/java/avro/src/main/java/org/apache/avro/file/Codec.java","no"
"./TestAvro/lang/java/avro/src/main/java/org/apache/avro/file/CodecFactory.java","no"
"./TestAvro/lang/java/avro/src/main/java/org/apache/avro/file/SeekableInput.java","no"
"./TestAvro/lang/java/avro/src/main/java/org/apache/avro/file/XZCodec.java","no"
"./TestAvro/lang/java/avro/src/main/java/org/apache/avro/Schema.java","no"
"./TestAvro/lang/java/avro/src/main/java/org/apache/avro/SchemaValidationStrategy.java","no"
"./TestAvro/lang/java/avro/src/main/java/org/apache/avro/Protocol.java","no"
"./TestAvro/lang/java/avro/src/main/java/org/apache/avro/SchemaValidationException.java","no"
"./TestAvro/lang/java/avro/src/main/java/org/apache/avro/ValidateCanBeRead.java","no"
"./TestAvro/lang/java/avro/src/main/java/org/apache/avro/path/LocationStep.java","no"
"./TestAvro/lang/java/avro/src/main/java/org/apache/avro/path/PathElement.java","no"
"./TestAvro/lang/java/avro/src/main/java/org/apache/avro/path/ArrayPositionPredicate.java","no"
"./TestAvro/lang/java/avro/src/main/java/org/apache/avro/path/UnionTypePredicate.java","no"
"./TestAvro/lang/java/avro/src/main/java/org/apache/avro/path/PathTracingException.java","no"
"./TestAvro/lang/java/avro/src/main/java/org/apache/avro/path/PathPredicate.java","no"
"./TestAvro/lang/java/avro/src/main/java/org/apache/avro/path/MapKeyPredicate.java","no"
"./TestAvro/lang/java/avro/src/main/java/org/apache/avro/path/PositionalPathPredicate.java","no"
"./TestAvro/lang/java/avro/src/main/java/org/apache/avro/path/TracingNullPointException.java","no"
"./TestAvro/lang/java/avro/src/main/java/org/apache/avro/path/package-info.java","no"
"./TestAvro/lang/java/avro/src/main/java/org/apache/avro/path/TracingClassCastException.java","no"
"./TestAvro/lang/java/avro/src/main/java/org/apache/avro/path/TracingAvroTypeException.java","no"
"./TestAvro/lang/java/avro/src/main/java/org/apache/avro/InvalidNumberEncodingException.java","no"
"./TestAvro/lang/java/avro/src/main/java/org/apache/avro/reflect/ReflectDatumReader.java","no"
"./TestAvro/lang/java/avro/src/main/java/org/apache/avro/reflect/Union.java","no"
"./TestAvro/lang/java/avro/src/main/java/org/apache/avro/reflect/AvroAliases.java","no"
"./TestAvro/lang/java/avro/src/main/java/org/apache/avro/reflect/FieldAccessor.java","no"
"./TestAvro/lang/java/avro/src/main/java/org/apache/avro/reflect/AvroMeta.java","no"
"./TestAvro/lang/java/avro/src/main/java/org/apache/avro/reflect/ReflectDatumWriter.java","no"
"./TestAvro/lang/java/avro/src/main/java/org/apache/avro/reflect/AvroEncode.java","no"
"./TestAvro/lang/java/avro/src/main/java/org/apache/avro/reflect/FieldAccess.java","no"
"./TestAvro/lang/java/avro/src/main/java/org/apache/avro/reflect/AvroAlias.java","no"
"./TestAvro/lang/java/avro/src/main/java/org/apache/avro/reflect/FieldAccessUnsafe.java","no"
"./TestAvro/lang/java/avro/src/main/java/org/apache/avro/reflect/Stringable.java","no"
"./TestAvro/lang/java/avro/src/main/java/org/apache/avro/reflect/AvroName.java","no"
"./TestAvro/lang/java/avro/src/main/java/org/apache/avro/reflect/ReflectData.java","no"
"./TestAvro/lang/java/avro/src/main/java/org/apache/avro/reflect/DateAsLongEncoding.java","no"
"./TestAvro/lang/java/avro/src/main/java/org/apache/avro/reflect/ArrayAccessor.java","no"
"./TestAvro/lang/java/avro/src/main/java/org/apache/avro/reflect/MapEntry.java","no"
"./TestAvro/lang/java/avro/src/main/java/org/apache/avro/reflect/AvroSchema.java","no"
"./TestAvro/lang/java/avro/src/main/java/org/apache/avro/reflect/FieldAccessReflect.java","no"
"./TestAvro/lang/java/avro/src/main/java/org/apache/avro/reflect/AvroIgnore.java","no"
"./TestAvro/lang/java/avro/src/main/java/org/apache/avro/reflect/ReflectionUtil.java","no"
"./TestAvro/lang/java/avro/src/main/java/org/apache/avro/reflect/AvroDoc.java","no"
"./TestAvro/lang/java/avro/src/main/java/org/apache/avro/reflect/Nullable.java","no"
"./TestAvro/lang/java/avro/src/main/java/org/apache/avro/reflect/CustomEncoding.java","no"
"./TestAvro/lang/java/avro/src/main/java/org/apache/avro/reflect/AvroDefault.java","no"
"./TestAvro/lang/java/avro/src/main/java/org/apache/avro/io/ResolvingDecoder.java","no"
"./TestAvro/lang/java/avro/src/main/java/org/apache/avro/io/BinaryDecoder.java","no"
"./TestAvro/lang/java/avro/src/main/java/org/apache/avro/io/BinaryData.java","no"
"./TestAvro/lang/java/avro/src/main/java/org/apache/avro/io/BufferedBinaryEncoder.java","no"
"./TestAvro/lang/java/avro/src/main/java/org/apache/avro/io/FastReaderBuilder.java","no"
"./TestAvro/lang/java/avro/src/main/java/org/apache/avro/io/Decoder.java","no"
"./TestAvro/lang/java/avro/src/main/java/org/apache/avro/io/ValidatingEncoder.java","no"
"./TestAvro/lang/java/avro/src/main/java/org/apache/avro/io/DecoderFactory.java","no"
"./TestAvro/lang/java/avro/src/main/java/org/apache/avro/io/ParsingEncoder.java","no"
"./TestAvro/lang/java/avro/src/main/java/org/apache/avro/io/EncoderFactory.java","no"
"./TestAvro/lang/java/avro/src/main/java/org/apache/avro/io/JsonDecoder.java","no"
"./TestAvro/lang/java/avro/src/main/java/org/apache/avro/io/DirectBinaryEncoder.java","no"
"./TestAvro/lang/java/avro/src/main/java/org/apache/avro/io/BinaryEncoder.java","no"
"./TestAvro/lang/java/avro/src/main/java/org/apache/avro/io/BlockingBinaryEncoder.java","no"
"./TestAvro/lang/java/avro/src/main/java/org/apache/avro/io/DatumReader.java","no"
"./TestAvro/lang/java/avro/src/main/java/org/apache/avro/io/ParsingDecoder.java","no"
"./TestAvro/lang/java/avro/src/main/java/org/apache/avro/io/parsing/Parser.java","no"
"./TestAvro/lang/java/avro/src/main/java/org/apache/avro/io/parsing/SkipParser.java","no"
"./TestAvro/lang/java/avro/src/main/java/org/apache/avro/io/parsing/ValidatingGrammarGenerator.java","no"
"./TestAvro/lang/java/avro/src/main/java/org/apache/avro/io/parsing/Symbol.java","no"
"./TestAvro/lang/java/avro/src/main/java/org/apache/avro/io/parsing/JsonGrammarGenerator.java","no"
"./TestAvro/lang/java/avro/src/main/java/org/apache/avro/io/parsing/ResolvingGrammarGenerator.java","no"
"./TestAvro/lang/java/avro/src/main/java/org/apache/avro/io/ValidatingDecoder.java","no"
"./TestAvro/lang/java/avro/src/main/java/org/apache/avro/io/Encoder.java","no"
"./TestAvro/lang/java/avro/src/main/java/org/apache/avro/io/DirectBinaryDecoder.java","no"
"./TestAvro/lang/java/avro/src/main/java/org/apache/avro/io/JsonEncoder.java","no"
"./TestAvro/lang/java/avro/src/main/java/org/apache/avro/io/DatumWriter.java","no"
"./TestAvro/lang/java/avro/src/main/java/org/apache/avro/ValidateLatest.java","no"
"./TestAvro/lang/java/avro/src/main/java/org/apache/avro/message/MessageDecoder.java","no"
"./TestAvro/lang/java/avro/src/main/java/org/apache/avro/message/BinaryMessageEncoder.java","no"
"./TestAvro/lang/java/avro/src/main/java/org/apache/avro/message/MissingSchemaException.java","no"
"./TestAvro/lang/java/avro/src/main/java/org/apache/avro/message/SchemaStore.java","no"
"./TestAvro/lang/java/avro/src/main/java/org/apache/avro/message/RawMessageEncoder.java","no"
"./TestAvro/lang/java/avro/src/main/java/org/apache/avro/message/BadHeaderException.java","no"
"./TestAvro/lang/java/avro/src/main/java/org/apache/avro/message/MessageEncoder.java","no"
"./TestAvro/lang/java/avro/src/main/java/org/apache/avro/message/BinaryMessageDecoder.java","no"
"./TestAvro/lang/java/avro/src/main/java/org/apache/avro/message/RawMessageDecoder.java","no"
"./TestAvro/lang/java/avro/src/main/java/org/apache/avro/SchemaValidatorBuilder.java","no"
"./TestAvro/lang/java/avro/src/main/java/org/apache/avro/SchemaBuilderException.java","no"
"./TestAvro/lang/java/avro/src/main/java/org/apache/avro/AvroRemoteException.java","no"
"./TestAvro/lang/java/avro/src/main/java/org/apache/avro/generic/GenericContainer.java","no"
"./TestAvro/lang/java/avro/src/main/java/org/apache/avro/generic/GenericRecord.java","no"
"./TestAvro/lang/java/avro/src/main/java/org/apache/avro/generic/GenericArray.java","no"
"./TestAvro/lang/java/avro/src/main/java/org/apache/avro/generic/GenericRecordBuilder.java","no"
"./TestAvro/lang/java/avro/src/main/java/org/apache/avro/generic/GenericFixed.java","no"
"./TestAvro/lang/java/avro/src/main/java/org/apache/avro/generic/IndexedRecord.java","no"
"./TestAvro/lang/java/avro/src/main/java/org/apache/avro/generic/GenericData.java","no"
"./TestAvro/lang/java/avro/src/main/java/org/apache/avro/generic/GenericDatumReader.java","no"
"./TestAvro/lang/java/avro/src/main/java/org/apache/avro/generic/GenericEnumSymbol.java","no"
"./TestAvro/lang/java/avro/src/main/java/org/apache/avro/generic/GenericDatumWriter.java","no"
"./TestAvro/lang/java/avro/src/main/java/org/apache/avro/JsonProperties.java","no"
"./TestAvro/lang/java/avro/src/main/java/org/apache/avro/SchemaNormalization.java","no"
"./TestAvro/lang/java/avro/src/main/java/org/apache/avro/Conversions.java","no"
"./TestAvro/lang/java/avro/src/main/java/org/apache/avro/InvalidAvroMagicException.java","no"
"./TestAvro/lang/java/avro/src/main/java/org/apache/avro/data/RecordBuilder.java","no"
"./TestAvro/lang/java/avro/src/main/java/org/apache/avro/data/Json.java","no"
"./TestAvro/lang/java/avro/src/main/java/org/apache/avro/data/TimeConversions.java","no"
"./TestAvro/lang/java/avro/src/main/java/org/apache/avro/data/ErrorBuilder.java","no"
"./TestAvro/lang/java/avro/src/main/java/org/apache/avro/data/RecordBuilderBase.java","no"
"./TestAvro/lang/java/avro/src/main/java/org/apache/avro/AvroRuntimeException.java","no"
"./TestAvro/lang/java/avro/src/main/java/org/apache/avro/AvroTypeException.java","no"
"./TestAvro/lang/java/avro/src/main/java/org/apache/avro/ValidateAll.java","no"
"./TestAvro/lang/java/avro/src/main/java/org/apache/avro/LogicalTypes.java","no"
"./TestAvro/lang/java/trevni/core/src/test/java/org/apache/trevni/TestColumnFile.java","no"
"./TestAvro/lang/java/trevni/core/src/test/java/org/apache/trevni/TestAllCodecs.java","no"
"./TestAvro/lang/java/trevni/core/src/test/java/org/apache/trevni/TestIOBuffers.java","no"
"./TestAvro/lang/java/trevni/core/src/test/java/org/apache/trevni/TestUtil.java","no"
"./TestAvro/lang/java/trevni/core/src/test/java/org/apache/trevni/TestInputBytes.java","no"
"./TestAvro/lang/java/trevni/core/src/main/java/org/apache/trevni/TrevniRuntimeException.java","no"
"./TestAvro/lang/java/trevni/core/src/main/java/org/apache/trevni/ArrayColumnOutputBuffer.java","no"
"./TestAvro/lang/java/trevni/core/src/main/java/org/apache/trevni/ColumnFileMetaData.java","no"
"./TestAvro/lang/java/trevni/core/src/main/java/org/apache/trevni/ColumnMetaData.java","no"
"./TestAvro/lang/java/trevni/core/src/main/java/org/apache/trevni/BZip2Codec.java","no"
"./TestAvro/lang/java/trevni/core/src/main/java/org/apache/trevni/SnappyCodec.java","no"
"./TestAvro/lang/java/trevni/core/src/main/java/org/apache/trevni/OutputBuffer.java","no"
"./TestAvro/lang/java/trevni/core/src/main/java/org/apache/trevni/InputBuffer.java","no"
"./TestAvro/lang/java/trevni/core/src/main/java/org/apache/trevni/BlockDescriptor.java","no"
"./TestAvro/lang/java/trevni/core/src/main/java/org/apache/trevni/ColumnValues.java","no"
"./TestAvro/lang/java/trevni/core/src/main/java/org/apache/trevni/DeflateCodec.java","no"
"./TestAvro/lang/java/trevni/core/src/main/java/org/apache/trevni/ValueType.java","no"
"./TestAvro/lang/java/trevni/core/src/main/java/org/apache/trevni/ColumnFileReader.java","no"
"./TestAvro/lang/java/trevni/core/src/main/java/org/apache/trevni/MetaData.java","no"
"./TestAvro/lang/java/trevni/core/src/main/java/org/apache/trevni/ColumnFileWriter.java","no"
"./TestAvro/lang/java/trevni/core/src/main/java/org/apache/trevni/Input.java","no"
"./TestAvro/lang/java/trevni/core/src/main/java/org/apache/trevni/NullCodec.java","no"
"./TestAvro/lang/java/trevni/core/src/main/java/org/apache/trevni/InputBytes.java","no"
"./TestAvro/lang/java/trevni/core/src/main/java/org/apache/trevni/ColumnDescriptor.java","no"
"./TestAvro/lang/java/trevni/core/src/main/java/org/apache/trevni/Codec.java","no"
"./TestAvro/lang/java/trevni/core/src/main/java/org/apache/trevni/Checksum.java","no"
"./TestAvro/lang/java/trevni/core/src/main/java/org/apache/trevni/Crc32Checksum.java","no"
"./TestAvro/lang/java/trevni/core/src/main/java/org/apache/trevni/ColumnOutputBuffer.java","no"
"./TestAvro/lang/java/trevni/core/src/main/java/org/apache/trevni/InputFile.java","no"
"./TestAvro/lang/java/trevni/core/src/main/java/org/apache/trevni/NullChecksum.java","no"
"./TestAvro/lang/java/trevni/avro/src/test/java/org/apache/trevni/avro/WordCountUtil.java","no"
"./TestAvro/lang/java/trevni/avro/src/test/java/org/apache/trevni/avro/TestCases.java","no"
"./TestAvro/lang/java/trevni/avro/src/test/java/org/apache/trevni/avro/TestWordCount.java","no"
"./TestAvro/lang/java/trevni/avro/src/test/java/org/apache/trevni/avro/TestShredder.java","no"
"./TestAvro/lang/java/trevni/avro/src/test/java/org/apache/trevni/avro/TestEvolvedSchema.java","no"
"./TestAvro/lang/java/trevni/avro/src/test/java/org/apache/trevni/avro/mapreduce/TestKeyValueWordCount.java","no"
"./TestAvro/lang/java/trevni/avro/src/test/java/org/apache/trevni/avro/mapreduce/TestKeyWordCount.java","no"
"./TestAvro/lang/java/trevni/avro/src/test/java/org/apache/trevni/avro/TestMetadataFiltering.java","no"
"./TestAvro/lang/java/trevni/avro/src/main/java/org/apache/trevni/avro/AvroColumnator.java","no"
"./TestAvro/lang/java/trevni/avro/src/main/java/org/apache/trevni/avro/AvroTrevniOutputFormat.java","no"
"./TestAvro/lang/java/trevni/avro/src/main/java/org/apache/trevni/avro/AvroColumnReader.java","no"
"./TestAvro/lang/java/trevni/avro/src/main/java/org/apache/trevni/avro/AvroColumnWriter.java","no"
"./TestAvro/lang/java/trevni/avro/src/main/java/org/apache/trevni/avro/AvroTrevniInputFormat.java","no"
"./TestAvro/lang/java/trevni/avro/src/main/java/org/apache/trevni/avro/mapreduce/AvroTrevniKeyInputFormat.java","no"
"./TestAvro/lang/java/trevni/avro/src/main/java/org/apache/trevni/avro/mapreduce/AvroTrevniKeyRecordReader.java","no"
"./TestAvro/lang/java/trevni/avro/src/main/java/org/apache/trevni/avro/mapreduce/AvroTrevniKeyOutputFormat.java","no"
"./TestAvro/lang/java/trevni/avro/src/main/java/org/apache/trevni/avro/mapreduce/AvroTrevniKeyRecordWriter.java","no"
"./TestAvro/lang/java/trevni/avro/src/main/java/org/apache/trevni/avro/mapreduce/AvroTrevniKeyValueRecordReader.java","no"
"./TestAvro/lang/java/trevni/avro/src/main/java/org/apache/trevni/avro/mapreduce/AvroTrevniKeyValueOutputFormat.java","no"
"./TestAvro/lang/java/trevni/avro/src/main/java/org/apache/trevni/avro/mapreduce/AvroTrevniKeyValueRecordWriter.java","no"
"./TestAvro/lang/java/trevni/avro/src/main/java/org/apache/trevni/avro/mapreduce/AvroTrevniKeyValueInputFormat.java","no"
"./TestAvro/lang/java/trevni/avro/src/main/java/org/apache/trevni/avro/mapreduce/AvroTrevniRecordReaderBase.java","no"
"./TestAvro/lang/java/trevni/avro/src/main/java/org/apache/trevni/avro/mapreduce/AvroTrevniRecordWriterBase.java","no"
"./TestAvro/lang/java/trevni/avro/src/main/java/org/apache/trevni/avro/HadoopInput.java","no"
"./TestAvro/lang/java/android/src/test/java/org/apache/avro/util/internal/TestClassValueCache.java","no"
"./TestAvro/lang/java/android/src/main/java/org/apache/avro/util/internal/ClassValueCache.java","no"
"./TestAvro/lang/java/android/src/main/java/org/apache/avro/util/internal/ThreadLocalWithInitial.java","no"
"./TestAvro/lang/java/ipc/src/test/java/org/apache/avro/specific/TestSpecificDatumReader.java","no"
"./TestAvro/lang/java/ipc/src/test/java/org/apache/avro/specific/TestSpecificBuilderTree.java","no"
"./TestAvro/lang/java/ipc/src/test/java/org/apache/avro/specific/TestSpecificRecordBuilder.java","no"
"./TestAvro/lang/java/ipc/src/test/java/org/apache/avro/specific/TestSpecificDatumWriter.java","no"
"./TestAvro/lang/java/ipc/src/test/java/org/apache/avro/specific/TestSpecificErrorBuilder.java","no"
"./TestAvro/lang/java/ipc/src/test/java/org/apache/avro/specific/TestSpecificData.java","no"
"./TestAvro/lang/java/ipc/src/test/java/org/apache/avro/TestProtocolReflect.java","no"
"./TestAvro/lang/java/ipc/src/test/java/org/apache/avro/io/Perf.java","no"
"./TestAvro/lang/java/ipc/src/test/java/org/apache/avro/message/TestCustomSchemaStore.java","no"
"./TestAvro/lang/java/ipc/src/test/java/org/apache/avro/TestProtocolParsing.java","no"
"./TestAvro/lang/java/ipc/src/test/java/org/apache/avro/TestSchema.java","no"
"./TestAvro/lang/java/ipc/src/test/java/org/apache/avro/TestCompare.java","no"
"./TestAvro/lang/java/ipc/src/test/java/org/apache/avro/TestProtocolReflectMeta.java","no"
"./TestAvro/lang/java/ipc/src/test/java/org/apache/avro/SimpleException.java","no"
"./TestAvro/lang/java/ipc/src/test/java/org/apache/avro/TestProtocolSpecificMeta.java","no"
"./TestAvro/lang/java/ipc/src/test/java/org/apache/avro/TestProtocolGenericMeta.java","no"
"./TestAvro/lang/java/ipc/src/test/java/org/apache/avro/TestAnnotation.java","no"
"./TestAvro/lang/java/ipc/src/test/java/org/apache/avro/TestDataFileSpecific.java","no"
"./TestAvro/lang/java/ipc/src/test/java/org/apache/avro/TestNamespaceReflect.java","no"
"./TestAvro/lang/java/ipc/src/test/java/org/apache/avro/RPCMetaTestPlugin.java","no"
"./TestAvro/lang/java/ipc/src/test/java/org/apache/avro/TestProtocolDatagram.java","no"
"./TestAvro/lang/java/ipc/src/test/java/org/apache/avro/generic/TestBuilderCopy.java","no"
"./TestAvro/lang/java/ipc/src/test/java/org/apache/avro/generic/TestDeepCopy.java","no"
"./TestAvro/lang/java/ipc/src/test/java/org/apache/avro/ipc/specific/TestSpecificRequestor.java","no"
"./TestAvro/lang/java/ipc/src/test/java/org/apache/avro/ipc/TestLocalTransceiver.java","no"
"./TestAvro/lang/java/ipc/src/test/java/org/apache/avro/ipc/TestSaslDigestMd5.java","no"
"./TestAvro/lang/java/ipc/src/test/java/org/apache/avro/ipc/TestSaslAnonymous.java","no"
"./TestAvro/lang/java/ipc/src/test/java/org/apache/avro/ipc/TestRpcPluginOrdering.java","no"
"./TestAvro/lang/java/ipc/src/test/java/org/apache/avro/ipc/stats/TestHistogram.java","no"
"./TestAvro/lang/java/ipc/src/test/java/org/apache/avro/ipc/stats/TestStopwatch.java","no"
"./TestAvro/lang/java/ipc/src/test/java/org/apache/avro/ipc/stats/FakeTicks.java","no"
"./TestAvro/lang/java/ipc/src/test/java/org/apache/avro/TestNamespaceSpecific.java","no"
"./TestAvro/lang/java/ipc/src/test/java/org/apache/avro/TestProtocolSpecific.java","no"
"./TestAvro/lang/java/ipc/src/test/java/org/apache/avro/TestProtocolGeneric.java","no"
"./TestAvro/lang/java/ipc/src/test/java/org/apache/avro/compiler/specific/TestSpecificCompiler.java","no"
"./TestAvro/lang/java/ipc/src/test/java/org/apache/avro/DataFileInteropTest.java","no"
"./TestAvro/lang/java/ipc/src/main/java/org/apache/avro/ipc/specific/SpecificResponder.java","no"
"./TestAvro/lang/java/ipc/src/main/java/org/apache/avro/ipc/specific/SpecificRequestor.java","no"
"./TestAvro/lang/java/ipc/src/main/java/org/apache/avro/ipc/RPCContext.java","no"
"./TestAvro/lang/java/ipc/src/main/java/org/apache/avro/ipc/reflect/ReflectResponder.java","no"
"./TestAvro/lang/java/ipc/src/main/java/org/apache/avro/ipc/reflect/ReflectRequestor.java","no"
"./TestAvro/lang/java/ipc/src/main/java/org/apache/avro/ipc/DatagramServer.java","no"
"./TestAvro/lang/java/ipc/src/main/java/org/apache/avro/ipc/HttpTransceiver.java","no"
"./TestAvro/lang/java/ipc/src/main/java/org/apache/avro/ipc/SaslSocketServer.java","no"
"./TestAvro/lang/java/ipc/src/main/java/org/apache/avro/ipc/DatagramTransceiver.java","no"
"./TestAvro/lang/java/ipc/src/main/java/org/apache/avro/ipc/Callback.java","no"
"./TestAvro/lang/java/ipc/src/main/java/org/apache/avro/ipc/LocalTransceiver.java","no"
"./TestAvro/lang/java/ipc/src/main/java/org/apache/avro/ipc/SaslSocketTransceiver.java","no"
"./TestAvro/lang/java/ipc/src/main/java/org/apache/avro/ipc/Transceiver.java","no"
"./TestAvro/lang/java/ipc/src/main/java/org/apache/avro/ipc/RPCPlugin.java","no"
"./TestAvro/lang/java/ipc/src/main/java/org/apache/avro/ipc/SocketTransceiver.java","no"
"./TestAvro/lang/java/ipc/src/main/java/org/apache/avro/ipc/generic/GenericResponder.java","no"
"./TestAvro/lang/java/ipc/src/main/java/org/apache/avro/ipc/generic/GenericRequestor.java","no"
"./TestAvro/lang/java/ipc/src/main/java/org/apache/avro/ipc/ResponderServlet.java","no"
"./TestAvro/lang/java/ipc/src/main/java/org/apache/avro/ipc/Server.java","no"
"./TestAvro/lang/java/ipc/src/main/java/org/apache/avro/ipc/Requestor.java","no"
"./TestAvro/lang/java/ipc/src/main/java/org/apache/avro/ipc/SocketServer.java","no"
"./TestAvro/lang/java/ipc/src/main/java/org/apache/avro/ipc/CallFuture.java","no"
"./TestAvro/lang/java/ipc/src/main/java/org/apache/avro/ipc/stats/FloatHistogram.java","no"
"./TestAvro/lang/java/ipc/src/main/java/org/apache/avro/ipc/stats/Stopwatch.java","no"
"./TestAvro/lang/java/ipc/src/main/java/org/apache/avro/ipc/stats/StatsPlugin.java","no"
"./TestAvro/lang/java/ipc/src/main/java/org/apache/avro/ipc/stats/StatsServlet.java","no"
"./TestAvro/lang/java/ipc/src/main/java/org/apache/avro/ipc/stats/IntegerHistogram.java","no"
"./TestAvro/lang/java/ipc/src/main/java/org/apache/avro/ipc/stats/Histogram.java","no"
"./TestAvro/lang/java/ipc/src/main/java/org/apache/avro/ipc/Responder.java","no"
"./TestAvro/lang/java/ipc/src/main/java/org/apache/avro/ipc/Ipc.java","no"
"./TestAvro/lang/java/perf/src/main/java/org/apache/avro/perf/test/record/RecordWithPromotionTest.java","no"
"./TestAvro/lang/java/perf/src/main/java/org/apache/avro/perf/test/record/RecordWithDefaultTest.java","no"
"./TestAvro/lang/java/perf/src/main/java/org/apache/avro/perf/test/record/ResolvingRecordTest.java","no"
"./TestAvro/lang/java/perf/src/main/java/org/apache/avro/perf/test/record/RecordTest.java","no"
"./TestAvro/lang/java/perf/src/main/java/org/apache/avro/perf/test/record/ValidatingRecordTest.java","no"
"./TestAvro/lang/java/perf/src/main/java/org/apache/avro/perf/test/record/RecordWithOutOfOrderTest.java","no"
"./TestAvro/lang/java/perf/src/main/java/org/apache/avro/perf/test/reflect/ReflectFloatArrayTest.java","no"
"./TestAvro/lang/java/perf/src/main/java/org/apache/avro/perf/test/reflect/ReflectLongArrayTest.java","no"
"./TestAvro/lang/java/perf/src/main/java/org/apache/avro/perf/test/reflect/ReflectIntArrayTest.java","no"
"./TestAvro/lang/java/perf/src/main/java/org/apache/avro/perf/test/reflect/ReflectLargeFloatArrayBlockedTest.java","no"
"./TestAvro/lang/java/perf/src/main/java/org/apache/avro/perf/test/reflect/ReflectBigRecordTest.java","no"
"./TestAvro/lang/java/perf/src/main/java/org/apache/avro/perf/test/reflect/ReflectNestedFloatArrayTest.java","no"
"./TestAvro/lang/java/perf/src/main/java/org/apache/avro/perf/test/reflect/ReflectLargeFloatArrayTest.java","no"
"./TestAvro/lang/java/perf/src/main/java/org/apache/avro/perf/test/reflect/ReflectRecordTest.java","no"
"./TestAvro/lang/java/perf/src/main/java/org/apache/avro/perf/test/reflect/ReflectDoubleArrayTest.java","no"
"./TestAvro/lang/java/perf/src/main/java/org/apache/avro/perf/test/reflect/ReflectNestedObjectArrayTest.java","no"
"./TestAvro/lang/java/perf/src/main/java/org/apache/avro/perf/test/basic/ExtendedEnumTest.java","no"
"./TestAvro/lang/java/perf/src/main/java/org/apache/avro/perf/test/basic/IntTest.java","no"
"./TestAvro/lang/java/perf/src/main/java/org/apache/avro/perf/test/basic/SmallLongTest.java","no"
"./TestAvro/lang/java/perf/src/main/java/org/apache/avro/perf/test/basic/BytesTest.java","no"
"./TestAvro/lang/java/perf/src/main/java/org/apache/avro/perf/test/basic/LongTest.java","no"
"./TestAvro/lang/java/perf/src/main/java/org/apache/avro/perf/test/basic/ArrayTest.java","no"
"./TestAvro/lang/java/perf/src/main/java/org/apache/avro/perf/test/basic/BooleanTest.java","no"
"./TestAvro/lang/java/perf/src/main/java/org/apache/avro/perf/test/basic/FloatTest.java","no"
"./TestAvro/lang/java/perf/src/main/java/org/apache/avro/perf/test/basic/UnchangedUnionTest.java","no"
"./TestAvro/lang/java/perf/src/main/java/org/apache/avro/perf/test/basic/MapTest.java","no"
"./TestAvro/lang/java/perf/src/main/java/org/apache/avro/perf/test/basic/StringTest.java","no"
"./TestAvro/lang/java/perf/src/main/java/org/apache/avro/perf/test/basic/DoubleTest.java","no"
"./TestAvro/lang/java/perf/src/main/java/org/apache/avro/perf/test/BasicArrayState.java","no"
"./TestAvro/lang/java/perf/src/main/java/org/apache/avro/perf/test/BasicState.java","no"
"./TestAvro/lang/java/perf/src/main/java/org/apache/avro/perf/test/BigRecord.java","no"
"./TestAvro/lang/java/perf/src/main/java/org/apache/avro/perf/test/generic/GenericNestedFakeTest.java","no"
"./TestAvro/lang/java/perf/src/main/java/org/apache/avro/perf/test/generic/GenericWithPromotionTest.java","no"
"./TestAvro/lang/java/perf/src/main/java/org/apache/avro/perf/test/generic/GenericNestedTest.java","no"
"./TestAvro/lang/java/perf/src/main/java/org/apache/avro/perf/test/generic/GenericWithDefaultTest.java","no"
"./TestAvro/lang/java/perf/src/main/java/org/apache/avro/perf/test/generic/GenericTest.java","no"
"./TestAvro/lang/java/perf/src/main/java/org/apache/avro/perf/test/generic/GenericWithOutOfOrderTest.java","no"
"./TestAvro/lang/java/perf/src/main/java/org/apache/avro/perf/test/generic/GenericStringTest.java","no"
"./TestAvro/lang/java/perf/src/main/java/org/apache/avro/perf/test/BasicRecord.java","no"
"./TestAvro/lang/java/perf/src/main/java/org/apache/avro/perf/Perf.java","no"
"./TestAvro/lang/java/compiler/src/test/java/org/apache/avro/specific/TestGeneratedCode.java","no"
"./TestAvro/lang/java/compiler/src/test/java/org/apache/avro/specific/TestSpecificData.java","no"
"./TestAvro/lang/java/compiler/src/test/java/org/apache/avro/compiler/idl/TestLogicalTypes.java","no"
"./TestAvro/lang/java/compiler/src/test/java/org/apache/avro/compiler/idl/TestIdl.java","no"
"./TestAvro/lang/java/compiler/src/test/java/org/apache/avro/compiler/idl/DocCommentHelperTest.java","no"
"./TestAvro/lang/java/compiler/src/test/java/org/apache/avro/compiler/idl/TestReferenceAnnotationNotAllowed.java","no"
"./TestAvro/lang/java/compiler/src/test/java/org/apache/avro/compiler/idl/TestSchemaResolver.java","no"
"./TestAvro/lang/java/compiler/src/test/java/org/apache/avro/compiler/idl/TestCycle.java","no"
"./TestAvro/lang/java/compiler/src/test/java/org/apache/avro/compiler/specific/TestSpecificCompiler.java","no"
"./TestAvro/lang/java/compiler/src/test/java/org/apache/avro/compiler/schema/TestSchemas.java","no"
"./TestAvro/lang/java/compiler/src/main/java/org/apache/avro/compiler/idl/ResolvingVisitor.java","no"
"./TestAvro/lang/java/compiler/src/main/java/org/apache/avro/compiler/idl/DocCommentHelper.java","no"
"./TestAvro/lang/java/compiler/src/main/java/org/apache/avro/compiler/idl/IsResolvedSchemaVisitor.java","no"
"./TestAvro/lang/java/compiler/src/main/java/org/apache/avro/compiler/idl/SchemaResolver.java","no"
"./TestAvro/lang/java/compiler/src/main/java/org/apache/avro/compiler/specific/SchemaTask.java","no"
"./TestAvro/lang/java/compiler/src/main/java/org/apache/avro/compiler/specific/ProtocolTask.java","no"
"./TestAvro/lang/java/compiler/src/main/java/org/apache/avro/compiler/specific/SpecificCompiler.java","no"
"./TestAvro/lang/java/compiler/src/main/java/org/apache/avro/compiler/schema/SchemaVisitorAction.java","no"
"./TestAvro/lang/java/compiler/src/main/java/org/apache/avro/compiler/schema/Schemas.java","no"
"./TestAvro/lang/java/compiler/src/main/java/org/apache/avro/compiler/schema/CloningVisitor.java","no"
"./TestAvro/lang/java/compiler/src/main/java/org/apache/avro/compiler/schema/SchemaVisitor.java","no"
"./TestAvro/lang/java/protobuf/src/test/java/org/apache/avro/protobuf/multiplefiles/TestMultipleFiles.java","no"
"./TestAvro/lang/java/protobuf/src/test/java/org/apache/avro/protobuf/multiplefiles/FooOrBuilder.java","no"
"./TestAvro/lang/java/protobuf/src/test/java/org/apache/avro/protobuf/multiplefiles/Foo.java","no"
"./TestAvro/lang/java/protobuf/src/test/java/org/apache/avro/protobuf/multiplefiles/MOrBuilder.java","no"
"./TestAvro/lang/java/protobuf/src/test/java/org/apache/avro/protobuf/multiplefiles/M.java","no"
"./TestAvro/lang/java/protobuf/src/test/java/org/apache/avro/protobuf/multiplefiles/A.java","no"
"./TestAvro/lang/java/protobuf/src/test/java/org/apache/avro/protobuf/TestProtobuf.java","no"
"./TestAvro/lang/java/protobuf/src/test/java/org/apache/avro/protobuf/TestProtoConversions.java","no"
"./TestAvro/lang/java/protobuf/src/test/java/org/apache/avro/protobuf/noopt/Test.java","no"
"./TestAvro/lang/java/protobuf/src/main/java/org/apache/avro/protobuf/ProtoConversions.java","no"
"./TestAvro/lang/java/protobuf/src/main/java/org/apache/avro/protobuf/ProtobufData.java","no"
"./TestAvro/lang/java/protobuf/src/main/java/org/apache/avro/protobuf/ProtobufDatumReader.java","no"
"./TestAvro/lang/java/protobuf/src/main/java/org/apache/avro/protobuf/ProtobufDatumWriter.java","no"
"./TestAvro/doc/examples/java-example/src/main/java/example/GenericMain.java","no"
"./TestAvro/doc/examples/java-example/src/main/java/example/SpecificMain.java","no"
"./TestAvro/doc/examples/mr-example/src/main/java/example/MapReduceAvroWordCount.java","no"
"./TestAvro/doc/examples/mr-example/src/main/java/example/AvroWordCount.java","no"
"./TestAvro/doc/examples/mr-example/src/main/java/example/MapredColorCount.java","no"
"./TestAvro/doc/examples/mr-example/src/main/java/example/GenerateData.java","no"
"./TestAvro/doc/examples/mr-example/src/main/java/example/MapReduceColorCount.java","no"
